name,price,status,shipping,free_returns,items_sold
Shop on eBay,2000,Brand New,,False,
Reebok Fluxlite Men's Training Shoes,2999,Brand New,0,True,
NEW CHINATOWN MARKET INDOOR BASKETBALL SECRET CLUB MONOGRAM DESIGNER RARE,5000,New (Other),7630,False,
PUMA Men's Playmaker Pro Basketball Shoes,3499,Brand New,0,True,70
MICHAEL JORDAN 1996-97 Fleer ULTRA DECADE Excellence Rookie Card #U4 GEM MINT 10,2800,,0,True,110
2021-22 Panini Crown Royale Asia Tmall Basketball Factory Sealed Hobby Box NBA,4499,Brand New,0,False,857
Victor Wembanyama 2022 Top Deck Draft Picks Basketball Rookie Card,1200,,0,False,123
2021-22 Panini Prizm Basketball RED ICE PRIZM Parallels ***You Pick***,179,Pre-Owned,0,False,
NBA Basketball Hot Packs-Best on Ebay-15 Cards-5 Rookies- Look for Autos-Mem-1/1,950,Pre-Owned,495,False,
2021-22 PANINI PRIZM Basketball Inserts Base & Parallels ***You Pick***,149,Pre-Owned,0,False,
2021-22 Panini Prizm Basketball Orange Cracked Ice Singles YOU PICK + Buy & Save,129,Pre-Owned,0,False,
"10,000,000 Card Collection Baseball, Basketball, Football Sold In 9 Card Lots",244,Pre-Owned,0,False,
2021-22 Panini Optic Basketball Inserts *You Pick* Base & Parallels,149,Pre-Owned,0,False,
2021-22 Panini Optic Basketball Base Cards *You Pick* Vets & Rated Rookies 1-200,129,Pre-Owned,0,False,
PAOLO BANCHERO 2022-23 PANINI INSTANT 1ST GRADED 10 ROOKIE CARD RC #9 MAGIC,3499,,0,True,15
NBA BASKETBALL MYSTERY HITS *GUARANTEED GRADED CARD OR BONUS HIT*,999,Pre-Owned,540,False,
NBA Mega Hot Pack. ¬†35 Basketball Cards 4 Autos/patch #1 Hot Pack seller,2799,Pre-Owned,350,True,
Michael Jordan - Chicago Bulls - Man-Myth-Legend - facsimile auto,350,,0,False,
2021-22 Panini Optic Basketball SILVER HOLO PARALLELS *You Pick* Rookies & Vets,149,Pre-Owned,0,False,
100 Vintage Basketball NBA Cards In Factory Sealed Packs Unopened Lot HOF Jordan,2516,Pre-Owned,0,True,
PANINI PRIZM 2021-22 NBA BASKETBALL FACTORY SEALED IN STOCK RETAIL (24 PACK) BOX,9995,Brand New,0,False,1136
2009 Stephen Curry Rookie Card! Steph #30 RC Gems! Golden State Warriors MINT!,999,Pre-Owned,100,True,91
2021-22 Panini Prizm Basketball PINK ICE PRIZM Parallels ***You Pick***,179,Pre-Owned,0,False,
ORIGINAL GRADEMASTER Card Grading / Centering Tool Created in 2015- PSA BGS SGC!,659,,0,False,
2008-09 Topps Chrome Basketball Orange Refractors - PICK YOUR PLAYER- All /499,200,Pre-Owned,199,False,
2021-22 Panini Prizm Basketball Emergent RC Insert Singles YOU PICK + Buy/Save,99,Pre-Owned,0,False,
1996-97 KOBE BRYANT EX-2000 Credentials 23K GOLD ROOKIE (Purple) GEM-MINT 10,1595,Pre-Owned,0,True,
1996-97 Topps Basketball Cards #1-221 - YOU PICK - Complete Your Set ,99,Pre-Owned,105,False,
Air Jordan 1 Retro High OG Lost and Found Chicago DZ5485-612 FD1437-612 SHIP NOW,23900,Brand New,1495,False,22
PSA BGS GRADED CARD GUARANTEED SEALED FACTORY PACK NBA BASKETBALL RC HOT SLAB,3499,,499,False,
PUMA Men's Rebound JOY Sneakers,3299,Brand New,0,True,144
" Wilson Evolution Official Game Basketball - 29.5""",6900,Brand New,0,False,95
*RARE* Graded Gem-Mint 10 KOBE BRYANT 1996 Skybox 23K Black Gold ROOKIE Card,1495,,0,True,
2021-22 Panini Prizm Basketball Orange ICE PRIZM Parallels ***You Pick***,179,Pre-Owned,0,False,
2021-22 Panini Prizm Basketball Instant Impact RC Insert Singles **YOU PICK**,99,Pre-Owned,0,False,
2020-21 Prizm Basketball SILVER PRIZMS Parallels You Pick The Card,120,Pre-Owned,0,False,
2021-22 Donruss Optic Basketball INSERTS with Silver and Purple Prizms You Pick,120,Pre-Owned,0,False,
2021-22 Donruss Optic NBA Basketball Blaster Box Sealed 6 pks 30 Cards ,2999,Brand New,0,False,513
"100 Basketball Cards of any NBA Team for $5 - You Pick! Stars, Base, Inserts",500,Pre-Owned,369,False,
Spalding NBA Basketball Game New Official Size 7 29.5 Men‚Äôs + FREE Ball Pump,1999,Brand New,0,True,
Kobe Bryant Mega-Deal Licensed 1996 ROOKIE Gold Cards Graded GEM 10 (SET OF 6),8995,,0,True,
2021-22 Panini Illusions Basketball Inserts. Base & Parallels *You Pick*,179,Pre-Owned,0,False,
2020-21 Panini Mosaic Basketball Base Set- complete your set!!!,125,,0,False,
2021-22 Panini Illusions Basketball **You Pick** Rookies & Vets. Free Ship,129,Pre-Owned,0,False,
2022-23 Chronicles Draft Basketball #38 JALEN DUREN RC Luminance,99,Pre-Owned,24,False,
1971-72 TOPPS BASKETBALL 6 TO 233 SEE DROOP DOWN MENU,100,Pre-Owned,100,True,
2021-22 Prizm Basketball GREEN PRIZMS with Rookies You Pick the Card,140,Pre-Owned,0,False,
"MICHAEL JORDAN 1996-97 FLEER #4 DECADE OF EXCELLENCE"" 1986 ROOKIE CARD GEM-MT 10",3399,Pre-Owned,445,False,
Reebok Men's Solution Mid Basketball Shoes,4999,Brand New,0,True,
2021-22 Donruss Optic NBA Basketball Inserts You Pick / Choose - FRESH!!,99,Pre-Owned,125,False,
1991 Upper Deck Basketball Complete Your Set Base Cards NM+ Pick Your Card NBA,160,Pre-Owned,0,True,
1977-78 TOPPS BASKETBALL CARD SINGLES COMPLETE YOUR SET PICK CHOOSE,149,Pre-Owned,0,False,
2021-22 Prizm Basketball CRACKED ICE PRIZMS with Rookies You Pick the Card,120,Pre-Owned,0,False,
2021-22 Panini Prizm Basketball *You Pick*   SILVER CRACKED ICE,99,Pre-Owned,100,False,
Michael Jordan Cards Lot Fleer Topps Skybox *Pick the Card* MJ Jordan GOAT Cards,209,Pre-Owned,0,True,
2012-13 Panini Prizm Basketball - U Choose,175,Pre-Owned,0,False,
2021-22 PANINI ILLUSIONS BASKETBALL  - BASE/ROOKIES/PARALLELS/INSERTS - YOU PICK,100,Pre-Owned,105,False,
2021-22 Optic Basketball Silver Pulsar Complete Your Set #1-150 U PICK,99,Pre-Owned,75,False,
2021-22 Panini Prizm Basketball Base Rookies & Vets You Pick - Complete Your Set,99,Pre-Owned,0,True,
2021-22 PANINI PRIZM NBA BASKETBALL FACTORY SEALED 24 PACK RETAIL BOX - IN HAND!,9995,,0,False,454
Spalding NBA Basketball Game New Official Size 7 29.5 Men‚Äôs Outdoor and Indoor,1799,Brand New,0,True,
Molten FIBA Basketball Category 7A (GG7X),2999,Brand New,0,False,742
2017-18 NBA HOOPS BASKETBALL CARD PICK / CHOOSE YOUR CARDS ,99,,159,False,
PUMA Men's Rebound LayUp Lo Sneakers,3299,Brand New,0,True,148
1996-97 KOBE BRYANT Fleer 23K Gold ROOKIE Card Signature Series - GEM MINT 10,1695,,0,True,
A7411- 1996-97 Topps Basketball #s 1-221 +Insert -You Pick- 10+ FREE US SHIP,99,,149,True,
1990 Hoops - #5 - Michael Jordan - All-Star - PSA 8,1100,,0,False,
2021-22 Panini Donruss Optic NBA Basketball PULSAR Vet RC Cards You Pick/Choose!,138,,0,False,
"New Spalding TF 500 Basketball, Women's And Youth Size, 28.5""",2499,Brand New,0,False,55
2021-22 PANINI PRIZM NBA BASKETBALL FACTORY SEALED 24 PACK RETAIL BOX - IN HAND!,9995,,0,False,101
Youth Steph Curry Basketball Uniform - Jersey & Shorts  - Warriors - Sizes 5-9,1995,Brand New,469,False,21
adidas Men's Own The Game 2.0 Black White Basketball Shoes Sneakers Trainers New,5995,Brand New,0,True,
MICHAEL JORDAN 1998 Fleer '86 ROOKIE 23KT Gold Card Rookie Signature Gem Mint 10,1595,,0,True,221
PUMA Men's Rebound LayUp Sneakers,4499,Brand New,0,True,
LOT OF OLD Vintage UNOPENED BASKETBALL CARDS PACKS Michael Jordan Card Bonuses,2395,Pre-Owned,0,False,
2019 FIRST GOLD LIGHTNING H.S. VICTOR WEMBANYAMA ROOKIE CARD RC 2023 NBA#1 PICK?,1699,,0,False,73
Shop on eBay,2000,Brand New,,False,
5LB SPORTS CARDS LOT-ALL FOUR MAJOR SPORTS AND MORE  1960's - 2017-FREE SHIPPING,2999,,0,False,
4 Pairs Cooling Arm Sleeves Cover UV Sun Protection Outdoor Sports Basketball,998,Brand New,0,True,312
Puma 376640-10 Triple   Mens Basketball Sneakers Shoes Casual   - Purple - Size,3759,Brand New,0,True,
"Spalding NBA Outdoor Rubber Basketball, Size 7 - Orange AIR PUMP INCLUDED",1989,Brand New,0,True,
MICHAEL JORDAN 1998 Fleer '86 ROOKIE 23KT Gold Card Rookie Signature Gem Mint 10,1595,,0,True,221
PUMA Men's Rebound LayUp Sneakers,4499,Brand New,0,True,
Indiana University Hoosiers 2022-23 Men's Basketball Poster Schedule - New,1149,Brand New,725,False,
Nike Dunk High Black White Panda MENS DD1399-105,11000,Brand New,1495,False,59
3 Pairs Mens Winter Heavy Duty Warm Thermal Merino Lambs Wool Boots Socks 10-13,1199,Brand New,0,True,
Reebok Men's Resonator Mid Basketball Shoes,5124,Brand New,0,True,
Nike Air Jordan 1 Mid Shoes Bred Toe Red Black White 554724-079 Men's or GS NEW,10312,Brand New,1495,True,
Under Armour UA 3Z5 Steph Curry Men‚Äôs Athletic Sneaker Basketball Shoe #4106,6999,Brand New,0,True,
2021-22 Panini NBA G League Basketball Complete Your Set!! You Choose!!,138,,65,False,
adidas Harden Vol. 6 Shoes Men's,13700,Brand New,0,True,
"Heated Vest,USB Electric Heating Vest,Lightweight Warm Vest,Battery Pack Include",2298,New (Other),0,True,
Michael Jordan Mega-Deal Licensed Cards Graded Gem-Mint 10 - SET OF 6 - LOW $$$$,9995,,0,True,
"Air Jordan 1 Mid Shoes ""Taxi"" Black Yellow White 554724-701 Men's Multi Size NEW",13000,Brand New,1495,False,22
2021-2022 Donruss Basketball # 1-200 YOU PICK,105,,100,False,
Puma 192979-03 Uproar Spectra   Mens Basketball Sneakers Shoes Casual   - Yellow,3499,Brand New,0,True,166
1975 TOPPS BASKETBALL #1 TO 200 SELECT FROM OUR LIST,99,,100,True,
FastBreak SERIES 9 Basketball Pack Guaranteed PSA Slab / Luka Zion Lamelo HOTüî• ,3495,,325,False,
Air Jordan 4 Midnight Navy White Cement Gray Men's: DH6927-140  & GS: 408452-140,21420,Brand New,1495,False,
2021-22 Panini Prizm Basketball NBA Mega Box *IN HAND*  Ready To Ship üì¶,6999,,0,False,60
Air Jordan 1 High OG Chicago Reimagined Lost and Found DZ5485-612 In Hand Now,26997,Brand New,1495,False,13
2021-22 Panini Prizm Basketball Retail Box Factory Sealed 24 Packs per box,10218,Brand New,0,False,91
2019-20 DONRUSS OPTIC basketball cards PICK FROM A LIST free shipping PWE,99,,0,True,
"Spalding TF-1000 SSAC Basketball 29.5"" NFHS Indoor Elite Play Composite Leather",3797,Brand New,0,True,
Puma 376451-01 Triple Mid   Mens Basketball Sneakers Shoes Casual   - Red - Size,3759,Brand New,0,True,
Spalding NBA Basketball Game New Official Size 7 29.5 Men‚Äôs Outdoor and Indoor,2294,Brand New,0,False,
Jordan Men's T-Shirt Jumpman Short Sleeve Crew Athletic Active Basketball Tee,1988,Brand New,0,True,
2022-23 Chronicles Draft Basketball #23 WALKER KESSLER RC,149,Pre-Owned,24,False,
"STEPHEN CURRY 2009-10 NBA DRAFT Rookie Phenoms Card, Lim. Ed. Golden State ,NMüíé",498,,100,False,
2020-21 Panini CHRONICLES BASKETBALL Factory Sealed 12 Cello Pack FAT PACK Box¬†,5999,,0,False,201
Nike Air Max Excee Shoes White Pure Platinum CD4165-100 Men's Multi Size NEW,10000,Brand New,1495,False,39
NEW 2021-22 Panini NBA Select Basketball Blaster Box üî•,4075,Brand New,0,False,24
2020-21 PANINI PRIZM NBA BASKETBALL MEGA BOX TARGET LAMELO EDWARDS RC RED ICE ,10995,Brand New,0,False,121
Nike Air Jordan 9 Retro Boot NRG Military Brown Legion Green Mens AR4491-200 NEW,15199,Brand New,1495,False,20
2022-23 Panini Chronicles Draft Picks Basketball Hobby Box Factory Sealed NBA,11599,Brand New,0,False,
MICHAEL JORDAN 1998 REFRACTOR AUTOGRAPHED GEM MT 10 23KT GOLD 1986 ROOKIE CARD!,3495,,299,False,242
Basketball Sneaker Shoe Hip Pop Sports Hoodie Sweatshirt Sweater Pullover Jacket,1999,Brand New,0,False,
2021-22 Panini Select Basketball H2 Hybrid Hobby Box Factory Sealed,19999,,0,True,
2021-22 Panini Crown Royale Asia Tmall Basketball Factory Sealed Hobby Box NBA,5795,Brand New,0,False,55
1999-00 UD MVP Basketball MJ Exclusives Michael Jordan Singles - You Choose,199,,50,False,
Nike RENEW ELEVATE 3 Men's Black Anthracite DD9304-002 Basketball Sneakers Shoes,6995,Brand New,0,False,
2022 Panini Prizm Basketball Purple Wave Prizm Pick Player Complete Your Set,149,,0,False,
2021-22 Bowman University Basketball Pick Your Card Complete Your Set,99,,99,False,
1996-97 Topps Chrome Season's Best Basketball Card #SB22 Shawn Bradley,99,,99,False,
Jordan Men's Stay Loyal Black Basketball Shoes DB2884 002,9738,Brand New,0,True,
1970-71 TOPPS BASKETBALL CARD SINGLES COMPLETE YOUR SET U-PICK UPDATED 10/11,199,,0,False,
1971-72 Topps Basketball - Pick A Card,249,,99,True,
Nike Dunk Low Retro White Black Panda MENS DD1391-100 GS CW1590-100,15500,Brand New,1495,False,
Air Jordan 1 Low Bulls WHITE BLACK-RED  MENS 553558-163,10500,Brand New,1495,False,21
2022-2023 Michigan Wolverines Schedule üèÄ Cool College Basketball Sked üèÄ GREAT,145,,75,False,
NIB MEN NIKE CW3403 003 NIKE PRECISION V 5 BASKETBALL BLACK/WHITE SHOES SNEAKERS,4995,Brand New,1300,False,
Nike Air Max Impact 3 Black DC3725-006 Basketball Shoes,5999,New (Other),0,False,
2022-23 Panini Chronicles Draft Picks Basketball Hobby Box Factory Sealed NBA,11999,,0,True,
2021-2022 Panini Contenders Basketball Fanatics Exclusive Blaster Box,2499,Brand New,499,False,
Running Shoes Sneakers Casual Men's Outdoor Athletic Jogging Sports Tennis Gym,1760,New (Other),0,True,272
1986-87 Fleer Basketball Cards Complete Your Set - Pick List 1-132 + Stickers,800,,450,False,
Nike Air Jordan 3 Retro Shoes Fire Red Cement Gray DN3707-160 Men's or GS NEW,11623,Brand New,1495,True,
2020-21 Prizm Basketball NBA Hanger Box - New Sealed - Orange Ice Lamelo Edwards,5589,Brand New,0,False,12
Nike Air Force 1 Low White '07 CW2288-111,10000,Brand New,1495,False,268
1993-94 Topps Finest Basketball Single You Pick Your Cards,130,Pre-Owned,0,False,
MICHAEL JORDAN 1998 FLEER ROOKIE 23K Gold Card RED PRIZM REFRACTOR - GEM MINT 10,1795,,0,True,418
2021-22 Panini Donruss Optic Basketball inserts complete your sets PICK A0053,100,,55,True,
ANDREW NEMBHARD 2022-23 Panini Instant RPS FIRST LOOK RC #RPS-28,299,Pre-Owned,0,False,
2021-22 Panini Chronicles Basketball You Pick #236-725 ***You Pick*** Free Ship,149,Pre-Owned,0,False,
Nike Air Jordan 1 Mid Lakers Purple University Gold 2022 Mens DQ8426-517 NEW,10999,Brand New,1495,False,
Air Jordan 3 Retro Fire Red MENS DN3707-160 GS DM0967-160,12900,Brand New,1495,False,45
Nike Dunk High Lakers DD1399-500 Men Size 7.5-14,10000,Brand New,1495,False,
Sports Team Basketball NBA NFL MLB Shoe Charms for Crocs ($2 Each),200,New (Other),399,False,
Nike Kyrie Flytrap 5 V White Grey Crimson Red basketball shoes new Men's Size 14,6000,Brand New,1999,False,
Nike FLY BY MID 3 Men's White Grey DD9311-101 Basketball Sneakers Shoes,6495,Brand New,0,False,
Nike Men's 2-Piece Jogger Set Fleece Athletic Jogger Pants and Hoodie Tracksuit,7488,Brand New,0,True,
Heated Vest Men Women USB Heated Jacket Heating Vest Thermal Clothing Hunting,1499,New (Other),0,True,
Shop on eBay,2000,Brand New,,False,
Victor Wembanyama Rookie Card / LDLC ASVEL / RC / Generation Next,599,,60,False,71
2022-23 Panini Instant Shaedon Sharpe ROOKIE CARD SP Trail Blazers #30 RC üî•,1999,,100,False,
Victor Wembanyama Rookie Card / Nanterre 92 / RC / Generation Next,599,,60,False,61
1996-97 Topps Basketball Cards #1-221 - YOU PICK - Complete Your Set ,129,Pre-Owned,75,False,
Adidas Terrex AX2S Low Top Men's Hiking Shoes Olive Black Brown Boots NEW GY8311,6977,Brand New,0,False,
2020-21 Panini Prizm NBA Basketball Hanger Box Factory Sealed SHIPS FAST üööüî•,4999,,0,False,
Nike Lebron XX EP 20 The Debut James White Gold Men Basketball Shoes DJ5422-100,22499,Brand New,0,False,
1987-88 Fleer Basketball - Pick A Card,139,,99,True,
"AND1 Fantom Street Basketball 29.5 Full Size, Black deflated",1789,Brand New,0,False,
Nike FLY BY MID 3 Men's Black White DD9311-006 Basketball Sneakers Shoes,6495,Brand New,0,False,
Nike RENEW ELEVATE 3 Men's Black Anthracite DD9304-001 Basketball Sneakers Shoes,6995,Brand New,0,False,
Adidas Originals X PLR Men‚Äôs Athletic Sneaker White Running Shoe #008,5399,Brand New,0,True,
2017-18 Prestige #157 Lauri Markkanen RC,99,Pre-Owned,89,False,
Nike Kyrie Flytrap 4 Sneaker Red White CT1972-600 Men‚Äôs Basketball Shoes ,5999,Brand New,0,False,
(6 Pairs) Copper Compression 20-30mmHg Graduated Support Socks Mens Womens S-XXL,685,Brand New,0,True,400
Mens Casual Mesh Shorts Basketball Sports Two Stripe Gym Pants Workout Summer,1095,Brand New,0,False,
Nike Air Jordan 1 Mid Ice Blue Black White UNC Shoes 555112-401 (GS) Youth Sizes,10000,Brand New,1495,False,
2021/22 Leaf METAL Basketball Factory Sealed HOBBY Box-5 AUTOGRAPHS! Loaded!,6995,Brand New,0,False,80
NBA 2K23 Standard Edition - PlayStation 5,,Brand New,0,False,
2021-22 Panini Prizm Basketball Dominance Insert Singles YOU PICK Buy More Save!,99,Pre-Owned,0,False,
1990-91 Hoops Basketball Cards Complete Your Set U-Pick 244-440 Nm-Mint,100,Pre-Owned,75,False,
"Wilson NCAA Final Four Edition Basketball, Orange, Official Size - 29.5 In",2495,Brand New,0,False,
 2020-21 PANINI SELECT NBA BASKETBALL BLASTER BOX LAMELO EDWARDS RC FLASH PRIZM,3995,,0,False,250
PUMA Men's Essentials Logo Pants,2299,Brand New,0,True,103
2021-22 Panini Recon Basketball Card Pick,99,,450,True,
New Nike Air Jordan 1 Retro Mid Shadow Red Black Grey 2021 Basketball Mens Size,14925,Brand New,1495,False,52
Champion Sweatpants Men's Jersey Joggers Side Pockets Comfortable Athletic Fit,2250,Brand New,0,True,63
Throwback North Carolina #23 Jordan Basketball Jersey Adult and Youth Size,2599,Brand New,0,False,
Men's Walking Tennis Shoes Casual Sneakers Outdoor Athletic Sports Running Gym,1759,New (Other),0,True,
Nike Men's Active Sportswear Long Sleeve Fleece Workout Gym Pullover Hoodie,4788,Brand New,0,True,
2021-2022 Panini Donruss NBA Basketball Blaster Box 88 Cards 11 Packs,3949,Brand New,0,False,
1973-74 Topps Basketball - Pick A Card - Cards 1-130,99,,99,True,
Nike Air Jordan Stay Loyal Men‚Äôs White Black Red ALL SIZE 8 to 13 New DB2884-106,10895,Brand New,1495,False,
2023 Under Armour Unisex/Men's UA Lockdown 6 Basketball Shoes Stephen Curry,6999,Brand New,1575,False,
2022 Panini Select NBA Trading Card Blaster Boxes NEW + Free Shipping,3199,Brand New,0,False,
2021-22 Donruss Optic Basketball Veteran and Rated Rookie Base 1-200 You Pick,99,Pre-Owned,0,False,
2021-22 Panini Donruss Optic Basketball NBA Blaster Box Factory Sealed In Hand,3395,,0,False,
Puma 376451-04 Triple Mid   Mens Basketball Sneakers Shoes Casual   - Yellow -,3759,Brand New,0,True,
Men's Zip Up Hoodie Winter Sweatshirt Fleece Sherpa Warm Jacket Heavyweight USA,1599,New (Other),0,True,
"BULK 500+ Sports Cards!! Baseball, Basketball, Football + some SURPRISE BONUSES!",1798,Pre-Owned,839,False,
Air Jordan 1 Retro High OG Taxi Yellow Toe MENS 555088-711 GS 575441-711,10900,Brand New,1495,False,29
2022 Panini Prizm WNBA Basketball Cards - You Pick & Complete Your Set 1-200,99,Pre-Owned,95,True,
Spalding TF-1000 KHSAA Basketball 28.5 NFHS Indoor Kentucky High School Athletic,2997,Brand New,0,True,
Wilson Evolution Official Game Basketball - 29.5,6900,Brand New,0,False,
2021-22 Panini Prizm Basketball Rookie RC Singles **YOU PICK** Buy More & Save!!,99,Pre-Owned,0,False,
2021-22 Panini Chronicles Basketball You Pick #1-235 ***You Pick*** Free Ship,149,Pre-Owned,0,False,
New AIR JORDAN Why Not 5 Basketball Shoes Hi Top Mens white crimson all sizes,8995,Brand New,1199,False,
2021-22 NBA Hoops Basketball WINTER Complete Your Set You Pick 1-250 BUY 3 GET 2,99,Pre-Owned,0,False,
 3-12 Pair Mens Winter Thermal Warm Heavy Duty Cotton Crew Work Boots Socks 9-13,799,Brand New,0,True,
1999-00 HOOPS DECADE Basketball Complete Set #1-180 NM/MT US ONLY!!!,2495,,500,True,
1978-79 TOPPS BASKETBALL CARDS - COMPLETE YOUR SET - YOU PICK - FREE SHIPPING,169,Pre-Owned,0,False,
1987 1988 FLEER BASKETBALL - YOU PICK #1 - #132 - NMMT **** FREE SHIPPING ****,150,,0,False,
Puma 195217-05 Triple   Mens Basketball Sneakers Shoes Casual   - Blue,4499,Brand New,0,True,
2021-22 NBA BASKETBALL PRIZM COMPLETE YOUR SET PICK YOUR CARD VETERANS UPDATED,99,,57,False,
NBA basketball keychains - Boston Celtics / Golden State ,799,Brand New,0,False,
1996-97 TOPPS BASKETBALL ASSORTED SINGLES U-PICK,99,,395,True,
Size 7 Size GG7X BasketBall Balls FIBA Game Official Indoor Outdoor Training,3514,Brand New,0,False,
2021-22 Donruss Optic Basketball - MY HOUSE - Base and Prizms - YOU PICK,100,Pre-Owned,200,False,
MICHAEL JORDAN 1998 FLEER ROOKIE Signature 23KT Gold Card PRISM REFRACTOR GEM 10,1695,,0,True,
"Keegan Murray #DN4 2022-23 Panini Instant Draft Night #/1,548",750,,125,False,
2022 Basketball Team Championship Ring Size 8-14  Golden State Warriors,1161,Brand New,0,False,
Air Jordan 1 Mid Armory Navy Blue White Retro 554724-411,13500,Brand New,1495,False,
BasketBall Size GG7X Ball FIBA Game Official Size7 Indoor Training Match Quality,3514,Brand New,0,False,
Air Jordan Stay Loyal Shoes Triple Black DB2884-002 Men's Multi Size NEW,10000,Brand New,1495,False,89
2021-22 Panini Prizm Basketball ICE PRIZM Parallels ***You Pick***,179,Pre-Owned,0,False,
2022-2023 New Orleans Pelicans Schedule üèÄ Cool NBA Basketball Sked üèÄ ZION ‚ÄºÔ∏è,145,,75,False,
Nike Air Jordan 1 Mid White Black Red Chicago Bred Toe 2022 Mens & GS 554724-079,10999,Brand New,1495,False,
Nike Air Jordan 1 Mid Taxi Black Yellow Toe MENS 554724-701 GS 554725-701,10000,Brand New,1495,False,35
 Women's Fleece-Lined Active Leggings with Pockets,999,Brand New,0,True,
"2020-21 Donruss Basketball You Pick w/ RC Red, Green, Yellow, Orange Laser",99,Pre-Owned,25,False,
"MACGREGOR X6 BASKETBALL OFFICIAL SIZE 29.5"" - Various Colors",1195,Brand New,0,False,
Nike FLY BY MID 3 Mens Black White DD9311-003 Basketball Sneakers Shoes,6495,Brand New,0,False,
2021-22 PANINI PRIZM Basketball NBA COMPLETE YOUR SET Vets Base #1-330 -You Pick,99,,0,False,
2021-22 Panini Prizm Draft Picks Basketball Orange Cracked Ice Parallels,249,Pre-Owned,0,False,
"WILSON NCAA Evo NXT Indoor Game Basketball - Size 7 - 29.5""",13999,Brand New,0,False,
Shop on eBay,2000,Brand New,,False,
Vintage Basketball NBA Cards In Factory Sealed Unopened 8 Pack Lots ,2376,Brand New,0,True,
Paolo Banchero Rookie Card / Orlando Magic / RC / Generation Next,599,,60,False,54
Adidas Men's Original Trefoil Street Graphic Front Pocket Active Pullover Hoodie,5088,Brand New,0,True,187
2022-23 Chronicles Draft Basketball #15 AJ GRIFFIN RC Luminance,99,Pre-Owned,24,False,
2021-22 PANINI PRIZM Basketball NBA COMPLETE YOUR SET Vets Base #1-330 -You Pick,99,,0,False,
2022-2023 UConn Huskies Schedule üèÄ Cool College Basketball Sked üèÄ AZZI FUDD‚ÄºÔ∏è,140,,75,False,
Nike Air Max 270 Shoes White Royal Blue University Red DV3731-100 Men's Sizes,11490,Brand New,1495,False,
"Air Jordan 1 Low Shoes ""Cherrywood Red"" Black White DC0774-006 Multi Sizes NEW",11020,Brand New,1495,False,
Puma 193419-01 Legacy Dark Mode   Mens Basketball Sneakers Shoes Casual   -,4225,Brand New,0,True,
2021/22 Panini Court Kings Basketball Blaster Box,11999,Brand New,0,False,
1996-97 Fleer Swing Shift New Jersey Nets Basketball Card #8 Kerry Kittles,99,,99,False,
2021-22 Panini Prizm Team USA Basketball Insert Singles YOU PICK + Buy More Save,109,Pre-Owned,0,False,
Nike Air Jordan 4 Retro Lightning Yellow 2021 CT8527-700 Men's New,10997,Brand New,1495,False,
"Gold Toe Men's White Cotton Crew Athletic Sock, 6 Pair Shoe Size 6-12.5",1497,New (Other),0,False,
Nike Women's Court Legacy Lift Shoes White DM7590-100 Expeditedship,10000,Brand New,0,False,
Paolo Banchero 2022-23 Panini Instant NBA Debut First Game Card Rookie PRE SALE,744,,0,False,79
Nike Men's GRAY Athletic Sweatpants Fleece Lined Drawstring Elastic Waist NWT,3499,Brand New,599,False,
Air Jordan Stay Loyal Shoes Triple Black DB2884-002 Men's Multi Size NEW,10000,Brand New,1495,False,40
2021-22 PANINI PRIZM Basketball - Vets Base Cards #1-165 *You Pick*,139,Pre-Owned,0,False,
"FUNKO GOLD 5 NBA: Lakers - LeBron James (City Uniform) [New Toy] Vinyl Figure,",639,Brand New,0,True,145
1971-72 Topps Basketball - High Grades - NM-MT - NM-7 - EX-MT - EX-5 - You Pick,300,Pre-Owned,0,False,
New Balance 327 SCARLET RED WHITE MENS DS 8-13,10000,Brand New,0,False,
2019 FIRST GOLD LIGHTNING H.S. VICTOR WEMBANYAMA ROOKIE CARD RC 2023 NBA#1 PICK?,1599,,0,False,
Nike Dunk Low Retro White Black Panda DD1391-100,14999,Brand New,1495,False,72
Nintendo 64 N64 Original Video Game Cartridges *Authentic/Cleaned/Tested*,695,Pre-Owned,0,False,30
Converse Men's Chuck Taylor All Star Classic High Top Sneaker Shoes,6999,Brand New,0,True,
Reebok Men's Training Essentials Woven Unlined Pants,2374,Brand New,0,True,
"Nike Air Max 90 Shoes ""Black Bordeaux"" Anthracite Red DQ4071-001 Men's Sizes NEW",12400,Brand New,1495,False,
Reebok Men's Royal BB4500 H2 XE Shoes,4497,Brand New,0,True,67
Shaedon Sharpe Rookie Card / Portland Trailblazers / RC / Generation Next,599,,60,False,50
KOBE Bryant Gold & Michael JORDAN Decade Fleer Rookie Cards Set - Graded Gem 10,3800,,0,True,
Funko Pop Basketball: Bulls - Michael Jordan Vinyl Figure Item #36890,1298,Brand New,0,True,
Nike Air Jordan 1 Low Aluminum White Ice Blue Womens DC0774-141 NEW,14499,Brand New,1495,False,
Nike Dunk Low Retro Black White Panda DD1391-100 Men's & GS Sizes,10000,Brand New,1495,False,24
3 Pairs Winter Merino Lambs Wool Heavy Duty Thermal Boots Socks For Mens 10-13,1189,Brand New,0,True,
2017-18 PRIZM Basketball Complete Your Set You Pick ROOKIE Card #151-300 2017,125,,0,False,
Nike Air Max SC Shoes White Red Gray CW4555-107 Men's Multi Size NEW,7500,Brand New,1495,False,
1996-97 Fleer Swing Shift Dallas Mavericks Basketball Card #6 Jim Jackson,99,,99,False,
New 2023 Beckett BASKETBALL Annual Price Guide 30th Edition with BILL RUSSEL,2895,Brand New,0,True,110
2 PC Coach Signal Referee Loud Whistle Survival Safety Sports Basketball NGL-W-2,499,Brand New,0,True,364
2021-22 Prizm Basketball INSERTS with Rookies Silver and Green Prizms You Pick,99,Pre-Owned,0,False,
Nike Air Jordan 1 Mid SE Shoes French Blue Magic Ember DN3738-400 Multi Size NEW,13500,Brand New,1495,False,
2021-2022 Panini Illusions NBA Card Basketball Blaster Box NEW + Free Shipping,2499,Brand New,0,False,
35% OFF! *YOU PICK* 2021-22 PANINI PRIZM BASKETBALL BASE CARD COMPLETE YOUR SET,99,Pre-Owned,0,False,
2021-22 Bowman University 1st #46 Shavir Wheeler Kentucky Wildcats,99,Pre-Owned,55,False,
"Baden Official Size 29.5"" Elite Pro Game Basketball",6584,Brand New,0,True,
Champion Crew Socks 6-pairs Men's Athletics Logo Pack Extra Cushioning 3 Colors,1425,Brand New,0,True,1464
Nike Lebron Witness 6 Men's Grey White DO9843-001 Lace Up Basketball Shoes,8995,Brand New,0,False,
2021-22 Prizm Cracked Ice/Pink/Silver/Green/Purple/Orange Insert You Pick Set RC,99,Pre-Owned,0,True,
2022-2023 Purdue Boilermakers Schedule üèÄ Cool College Basketball Sked üèÄ HOOP‚ÄºÔ∏è,135,,75,False,
Nike Air Jordan 1 Retro High OG 'Stealth' Shoes Gray 555088-037 Men's or GS NEW,10749,Brand New,1495,True,
Nike NBA Elite Socks  - Mid Length ,2200,Brand New,1200,False,21
2022-23 Panini Instant NBA PAOLO BANCHERO RC #5 TOP PICK DEBUT ORLANDO MAGIC,785,,0,False,
"NEW! SPALDING TF-1000 CLASSIC BASKETBALL OFFICIAL SIZE 29.5"" COMPOSITE",5495,Brand New,1000,False,22
2021-22 Panini Court Kings Basketball Factory Sealed International Blaster Box,13999,Brand New,0,False,140
2020-21 Panini Prizm NBA Basketball Cello Box Factory Sealed!!!,17999,,0,False,
2021-22 Donruss Basketball HOLO ORANGE LASERS with Rated Rookies You Pick,120,Pre-Owned,0,False,
2022-23 Panini Chronicles Draft Picks Rookie Card Pick Player Complete Set,99,Pre-Owned,125,False,
New AIR JORDAN Stay Loyal Basketball Shoes DB2884-002 Mens triple black all size,11495,Brand New,1495,True,27
Puma Court Rider Pop 37610701 Mens Black Synthetic Athletic Basketball Shoes,4799,Brand New,0,True,
"Wilson NBA Basketball Official Size Outdoor & Indoor Pickup Play, Brown, (29.5‚Ä≥)",3979,Brand New,0,False,10
Nike Air Max LTD 3 Leather Shoes White Black Red BV1171-100 Men's Multi Size NEW,11490,Brand New,1495,False,14
3-12 Pairs Mens Athletic Sports Cotton Comfort Work Crew Socks Size 9-11 10-13,699,Brand New,0,True,486
2021-22 Donruss Basketball - #1-250 - COMPLETE YOUR SET - Rookies & Veterans,99,Pre-Owned,0,False,
Nike Air Jordan Stay Loyal Shoes White Black Graphite DB2884-105 Men's Sizes NEW,10000,Brand New,1495,False,
1975-76 Topps Basketball Cards Complete Your Set You Pick Choose Each #1 - 150,200,,150,False,
2021-22 PANINI PRIZM Basketball - Rookies & Vets Base Cards #165-330 *You Pick*,139,Pre-Owned,0,False,
Fila Grant Hill 1 1BM01285-017 Mens Green Leather Athletic Basketball Shoes,4999,Brand New,0,True,
NINTENDO WII GAME LOT YOU PICK CHOOSE BUY 2 GET 1 50% OFF ALL GAMES PLAY TESTED!,377,Pre-Owned,0,True,
2022-2023 Pittsburgh Panthers Schedule üèÄ Cool College Basketball Sked üèÄ PITT‚ÄºÔ∏è,135,,75,False,
Nike Air Jordan 1 Mid Reverse Bred Gym Red Black 554724-660 Men's or GS NEW,12497,Brand New,1495,True,
NIKE The Overplay IX Men's Basketball Shoe  831572 001 Black / White  NWD,5499,New (Other),0,False,28
"Nike Air Force 1 '07 QS Shoes ""UNO"" White Black Blue Red DC8887-100 Men's NEW",11970,Brand New,1495,False,20
2019-20 Panini Chronicles Basketball NBA Factory Sealed Hanger Box Ja Morant,1999,,685,False,
1997 MICHAEL JORDAN FLEER ULTRA Court Masters 23K GOLD CARD - GRADED GEM MINT 10,1295,,0,True,1075
