name,price,status,shipping,free_returns,items_sold

Shop on eBay,2000,Brand New,,False,

BURGER KING COD : Modern Warfare 2 | Burger Town Operator Skin + 1HR 2XP MW2,1900,Brand New,,False,

Cod Modern Warfare 2: MW2 Jack Links Code - 2 Hours 2XP + 4 items [COMPLETE SET],5490,Brand New,0,False,

"Call of Duty Modern Warfare 2 - Jack Links ""Ghillie"" COMPLETE SET 4 Codes",3999,Brand New,0,False,

Cod Modern Warfare 2: MW2 Jack Links Code - Double XP+ 1/4 ITEMS! SINGLE CODE!,1399,Brand New,0,False,

"Authentic Pokemon Games Gameboy Color, Advance, Nintendo DS, 3DS Bulk Discounts!",1999,Pre-Owned,0,True,

Nintendo 64 N64 Video Game Cartridges Cleaned/Tested CHOOSE GAMES !,2799,Brand New,0,False,

NINTENDO WII GAME LOT YOU PICK CHOOSE BUY 2 GET 1 50% OFF ALL GAMES PLAY TESTED!,377,Pre-Owned,0,True,

Nintendo Switch Games to Choose From,1899,New (Other),475,False,

Nintendo 64 N64 Original Video Game Cartridges *Authentic/Cleaned/Tested*,695,Pre-Owned,0,False,

Nintendo DS Super Mario 64 Ds,1199,Pre-Owned,0,True,

Splatoon 3 - Nintendo Switch New,,Brand New,0,True,

Sony PSP Games Complete Fun You Pick & Choose Video Game Good Titles UMD Tested,691,Pre-Owned,0,True,

Cod Modern Warfare 2: MW2 Jack Links Code - Double XP+ 1/4 ITEMS! SINGLE CODE!,1499,Brand New,0,False,

Listing On Hold ( I‚Äôm Currently Away),15000,Brand New,0,False,

America/NA Genshin Impact Ganyu Zhongli HuTao Baal Ayaka Kazuha Klee 100/170Wish,464,New (Other),0,False,

Jack Links Ghillie Sasquatch Skin - 4 Code Set - Call of Duty Modern Warfare 2,3299,Brand New,0,False,

Jack Links Call Of Duty Modern Warfare 2 Double XP Code + Bonus item FAST ‚ö°Ô∏è,1999,Brand New,0,False,

SNES Games - Pick and Choose Super Nintendo Video Games - Free/Fast Shipping!!,988,Pre-Owned,0,False,

Nintendo Gamecube Video Games No Case Clean & Tested Mario Party Simpsons Choose,811,Pre-Owned,0,False,

Call of Duty Modern Warfare 2 x Jack Links Promo BigFoot üë£  4 Item Set INSTANT,2999,Brand New,0,False,

üéÆ Nintendo Switch Games Lot You Pick EM  mario kart 8 deluxe super smash bros.,3900,Pre-Owned,0,False,

SUPER MARIO DONKEY KONG 64 KART POKEMON STADIUM 2 Paper for Nintendo N64 Console,2199,New (Other),0,False,

Nintendo GameCube Games You Pick & Choose Video Game Lot,499,Pre-Owned,475,True,

Sackboy: A Big Adventure (PlayStation 5),3389,Brand New,0,False,

Xbox 360 Games - Great Selection & Great Prices!!!,200,Pre-Owned,425,False,

NINTENDO WII GAME LOT YOU PICK CHOOSE BUY 2 GET 1 50% OFF GAMES PLAY TESTED LOT2,298,Pre-Owned,0,True,

Pokemon White/ White2/ Black/ Black2 Game Card 3DS/DSI/NDS /NDSi US Seller,2999,Brand New,0,False,

PlayStation 4 Games - PS4 - Many Titles,300,Pre-Owned,400,False,

Wii Games with Manuals,900,New (Other),0,False,

[NA/America] Genshin Impact Reroll Starter Fresh ACC Primogems Fates AR39/27,499,Brand New,0,False,

Nintendo DS Games Complete Carts Fun You Pick & Choose Video Games Lot Tested,691,Pre-Owned,0,True,

Call of Duty Modern Warfare 2 Jack Links COD MW2 Ghillie COMPLETE SET (4 Items),3999,Brand New,0,False,

Nintendo GameBoy Advance Game Fun Pick & Choose GBA Video Games,688,Pre-Owned,0,False,

üî• Buy 4 Get 1 Free! üî• Xbox 360 Games - Make Your Own Gaming Lot ,499,Pre-Owned,0,False,

War Shooter games (Playstation 2) Ps2 TESTED,349,Pre-Owned,449,False,

Nintendo Wii Games Used Lot You Pick And Choose Video Games!,769,Pre-Owned,0,False,

Mario & Sonic at the Olympic Games: Tokyo 2020 - Nintendo Switch In Retail Box,2195,New (Other),0,True,

PlayStation 4 PS4 Video Games You Choose Lots Of Titles Clean Tested & Works ,199,Pre-Owned,495,True,

(In-Hand 2 Ship) NEW God of War Ragnarok Launch Edition Sony PlayStation 5/PS5,6790,Brand New,0,True,

Nintendo Gamecube Games Complete Fun You Pick & Choose Video Game Good Titles,1091,Pre-Owned,0,True,

Cod Modern Warfare 2: MW2 Jack Links Code - 2 Hours 2XP + 4 items [COMPLETE SET],3399,Brand New,0,False,

"Call Of Duty Modern Warfare 2, Jack Links, Beef Jerky, Double XP,  SINGLE CODE",1899,Brand New,0,False,

Nintendo 3DS Games Complete Carts Fun You Pick & Choose Video Games Lot,891,Pre-Owned,0,True,

Xbox 360 Pick and Choose Lot Clean and Tested! Many CIB! Many Rare Games!,499,Pre-Owned,0,True,

BRAVELY DEFAULT II - Nintendo Switch Brand New Sealed,1999,Brand New,399,False,

Dance Dance Revolution Games (Playstation 2) DDR & Dancing  PS2  TESTED,399,Pre-Owned,449,False,

Fire Emblem Nintendo Video Game Boy Advance GBA Console Games 2003,1598,Brand New,0,True,

Nintendo Switch Games Lot BUY 3 GET 1 FREE (Store-Wide),1000,Pre-Owned,0,False,

Nintendo DS - New Super Mario Bros.,907,Pre-Owned,0,True,

It Takes Two - Nintendo Switch BRAND NEW SEALED,3300,Brand New,0,False,

PlayStation 3 PS3 Games Lot Tested You Choose!- Save up to 15%! - Free Shipping,649,Pre-Owned,0,True,

For Nintendo GBA GBC Game Card All 7 Colours GAMEBOY COLOR Pokemon Game Series,1376,Brand New,0,True,

Nintendo DS - Mario Kart DS,899,Pre-Owned,0,True,

Cod Modern Warfare 2: MW2 Jack Links Code - Double XP+ 1/4 ITEMS! SINGLE CODE!,1700,Brand New,,False,

"Nintendo Gamecube Games Authentic, Cleaned & Tested Choose your favorite Zelda",1066,Pre-Owned,0,False,

Sonic Frontiers (Switch) Import Region Free,4995,Brand New,0,True,

"Nintendo NES Games Custom Build Lot-Cleaned Pins, Tested,DISCOUNT FAST SHIPPING",199,Pre-Owned,379,True,

GOLDENEYE 007 Video Game Cartridge Console For Nintendo N64 Mario party 1 2 3,2099,New (Other),0,False,

Shiny Eternatus CODE Gamestop Event Pokemon Sword + Shield FAST DELIVERY!,250,Brand New,0,False,

"C64 CARTRIDGE 1 - Evercade, Brand New",2499,Brand New,0,True,

Nintendo Switch Games to Choose From mario zelda black case sd cards pokemon,1199,New (Other),0,False,

JACK LINKS MW2 in game bonus single code FAST DELIVERY! DELIVERS ASAP,1495,Brand New,0,False,

Super Mario Advance 2 3 4 Game Cartridge For Gameboy Advance GB/GBA/NDSL ,1299,New (Other),0,True,

BLOX FRUIT -üí∞CHEAPEST PRICE ‚úÖ HIGH TIER FRUITS üï∞ FAST SHIPPING - üî•LEVEL 700+,199,Brand New,0,False,

Animal Crossing New Horizons - Nintendo Switch In Original Package,4195,New (Other),0,True,

SuperMario 64 Mario party Version Game Cartridge Console Card For Nintendo N64 ,2199,Brand New,0,False,

Pokemon Violet (Pre-Order) (Nintendo Switch) BRAND NEW / Ship Out on Nov.17,6195,Brand New,0,True,

FIFA 23 - Sony PlayStation 4 New and Sealed - FREE SHIPPING,3995,Brand New,0,False,

New Shiny Munchlax 80KStardust - MlNl P T C - Read Description,1880,Brand New,0,False,

 Video Games For Pokemon DS 2DS 3DS NDSL Diamond / Pearl / Black 2 / White2 2 IN,2499,Brand New,0,False,

Mario Kart 8 Deluxe - Nintendo Switch,,Brand New,0,False,

For Nintendo 64 N64 Game Card Cartridge Console Banjo Kazooie US Version,1899,Brand New,0,True,

God of War Ragnarok Launch Edition - PlayStation 4 / PS 4 / PS 5  Available.,6995,Brand New,0,True,

NEW COD Modern Warfare 2 MW2 Burger King Burger Town Skin+1HR 2XXP INSTANT DELIV,1449,Brand New,,False,

New world - Twitch Drops ‚≠ê+100 Items‚≠ê,1499,Brand New,0,False,

Shop on eBay,2000,Brand New,,False,

New world - Twitch Drops ‚≠ê+100 Items‚≠ê,1499,Brand New,0,False,

Nintendo DS Games Complete Carts Fun You Pick & Choose Video Games Lot Tested,691,Pre-Owned,0,True,

x50 Steam Keys Video Game GLOBAL + BONUS Fast Delivery Region Free Key,699,Brand New,0,False,

‚ú®Ultimate Shiny Full Pokedex Gen 1-8 | Pokemon Home | COMPLETE,999,Brand New,0,False,

New Shiny Munchlax 80KStardust - MlNl P T C - Read Description,1880,Brand New,0,False,

Mario Kart 8 Deluxe - Nintendo Switch,,Brand New,0,False,

For Nintendo 64 N64 Game Card Cartridge Console Banjo Kazooie US Version,1899,Brand New,0,True,

God of War Ragnarok Launch Edition - PlayStation 4 / PS 4 / PS 5  Available.,6995,Brand New,0,True,

Pokemon Scarlet - Nintendo Switch - PREORDER,5449,Brand New,0,True,

The Legend of Zelda: Skyward Sword HD - Nintendo Switch Brand New in Plastic,3299,Brand New,0,False,

Xbox Series X (Certified Refurbished),46999,Certified - Refurbished,0,True,

NEW Sealed Mario Kart 8 Deluxe + Super Mario Party Nintendo Switch 2 Video Games,8799,Brand New,0,False,

Donkey Kong Country 1 2 3 Video Game Cartridge For Super Nintendo SNES Console,1388,Brand New,0,True,

Pokemon Legends: Arceus COMPLETE Dex | Pokemon Home | Shiny + Non | Max IV + GV,895,Brand New,0,False,

America/NA Genshin Impact Sumeru Unlock HuTao Eula Zhongli Xiao Baal Kazuha Cyno,1999,Brand New,0,False,

Call of Duty Modern Warfare 2 Jack Links COD MW2 Ghillie FULL SET (eBay Message),4299,Brand New,0,False,

Pokemon Scarlet (Pre-Order) (Nintendo Switch) BRAND NEW / Ship Out on Nov.17,6195,Brand New,0,True,

Bayonetta 2 - Nintendo Switch BRAND NEW Factory Sealed Fast Shipping,5999,Brand New,0,True,

FIFA 23 - Sony PlayStation 5 Brand New In The Sealed Box,4999,Brand New,0,False,

Jack Links MW2 Codes Ghillie Suit SET [ALL 4 CODES] INSTANT SEND - CALL OF DUTY,4500,Brand New,,False,

Pokemon Home All 905 Complete Dex Shiny Sword Shield Diamond Pearl Arceus,250,Brand New,0,False,

Bratz - Flaunt Your Fashion Videogame - Nintendo Switch / NEW FREE SHIPPING,4250,Brand New,0,True,

"Lost Judgment, Sony PlayStation 4, New & Sealed See Condition",1499,Brand New,0,False,

Call of Duty Modern Warfare 2 x2 XP + Op Skin + CoD Points MW2 x2 XP YOU CHOOSE,900,Brand New,0,False,

Cyberpunk 2077 - Microsoft Xbox One/Series X,1999,Brand New,0,False,

Mario Party Superstars - Nintendo Switch with Cleaning Cloth,4717,Brand New,0,True,

Mario Kart 8 Deluxe Nintendo Switch - Brand New Free Shipping!,4824,Brand New,0,True,

Call Of Duty MW2 Mountain Dew code - Special Character skin and 30 min 2XP!!,449,Brand New,0,False,

"Jack Links Call of Duty MW2 'Ghillie Suit', Emblem, Charm, Calling Card Bundle",3999,Brand New,0,False,

Tokyo 2020 Olympic Games - Nintendo Switch Sega Game NEW SEALED,1299,Brand New,0,False,

Armored Mewtwo 30 days trade ,1350,Brand New,0,False,

Nintendo Gamecube Games Complete Fun You Pick & Choose Video Game Good Titles,991,Pre-Owned,0,True,

God of War Ragnarok Collector's Edition - PS4 and PS5 Entitlements [New Video Ga,22535,Brand New,0,True,

PlayStation 2 PS2 Games You Pick & Choose ,398,Pre-Owned,0,False,

x10 Steam Keys Premium AAA Video Game GLOBAL + BONUS Fast Delivery Region Free,444,Brand New,0,False,

Nintendo Nes Original OEM Authentic *Pick Your Game* Cart Only Cleaned & Tested,99,Pre-Owned,399,True,

Nintendo Switch Pok√©mon Scarlet & Violet Double Pack Steel Book Preorder 11/2022,19999,Brand New,0,False,

God of War PS4 Brand New Factory Sealed,1699,Brand New,0,True,

‚úÖ FIFA 23 - Sony PlayStation 5 *Brand NEW* FAST SHIPPING! ‚úàÔ∏è üì¶,4600,Brand New,610,False,

üí∞ CHEAPEST üí∞- GPO - Grand Piece Online - Devil Fruits - Fast Delivery,249,Brand New,0,False,

"Pokemon Legendary Pokemon RARE GO (Mewtwo, Rayquaza, Zekrom, Kyogre, etc)",700,Brand New,0,False,

Donkey Kong Country: Tropical Freeze - Nintendo Switch In Original Package,3795,New (Other),0,True,

Dead by Daylight | The Legion:  Luminescent Carver DLC / Global - All Platforms,195,Brand New,0,False,

God Of War Saga - PS3 - Brand New | Factory Sealed,4399,Brand New,0,True,

SONY INTERACTIVE ENTERTAINMENT UNCHARTED Legacy of Thieves Collection Ps5,3200,Brand New,0,True,

League of Legends 40-100K Smurf EUW EUNE NA LAN OCE Lvl 30+ Unranked Lol,103,Brand New,0,True,

Sega Genesis Games Complete Fun You Pick & Choose Video Game Good Titles,891,Pre-Owned,0,True,

Microsoft Xbox One Games You Pick & Choose Video Game Lot,199,Pre-Owned,475,True,

Nintendo DS Games Pick & Choose Game Lot Tested Many Complete with Manual OEM,599,Pre-Owned,0,True,

Super Mario/Duck Hunt - Nintendo NES Game Authentic,659,Pre-Owned,295,True,

Call Of Duty Modern Warfare 2 Jack Links Code 2XP New INSTANT DELIVERY READ,1300,Brand New,,False,

Pokemon HeartGold SoulSilver US Version Game Card For Nintendo 3DS NDSI NDS,1498,Brand New,0,False,

Ring Fit Adventure OEM Ring Con and Leg Strap ONLY - NO GAME,2299,Brand New,0,False,

Call of Duty Modern Warfare 2 Jack Links ALL 4 OP SKIN CHARM CARD EMBLEM 2XP MW2,4499,Brand New,0,False,

"Mythical Pok√©mon Marshadow Event Code, Sword/Shield Mystery Gift | READ DESC PLS",950,Brand New,0,False,

Nintendo Switch: Sports Video Game Set Region Free,3999,Brand New,0,False,

Microsoft Xbox One Video Games - Pick & Choose Video Games Lot,249,Pre-Owned,99,False,

Deathloop - Sony PlayStation 5 PS5 Brand New,1795,Brand New,0,True,

Sonic Frontiers | PC Steam‚öô | Global | Prompt Delivery,1049,New (Other),0,False,

Spyro Reignited Trilogy Nintendo Switch Activision - Brand New Free Shipping!,2899,Brand New,0,True,

Nintendo 3DS - Super Mario 3D Land,1844,Pre-Owned,0,True,

New Super Mario Bros. Game Card for Nintendo 3DS 2DS DSI DS XL Lite Xmas Gift US,1498,Brand New,0,False,

Stray for PlayStation 5 [New Video Game] Playstation 5,3799,Brand New,0,True,

Trade Ursaluna - Pokemon Ursaluna Legacy GO - w/ High Horsepower 3100CP+,390,New (Other),0,True,

Nintendo Gameboy Advance GBA Games Lot Tested You Choose Free Ship Updated 11/2,799,Pre-Owned,0,True,

‚ú® Ultra Shiny ‚ú® Custom Any 6IV Egg ‚ú®Pokemon Brilliant Diamond Shining Pearl BDSP,100,Brand New,0,False,

Nintendo DS 3DS Game Cartridge Only Pick & Choose Game Lot Tested OEM,449,Pre-Owned,0,True,

Cobra Kai 2,2800,Brand New,0,False,

Shiny Pikachu wearing a purple T-shirt (Flower) M or F - TRADE 20k stardust,350,Brand New,0,False,

Genesect Volcanion Marshadow‚ú® Mythical 22 GVM GAMESTOP Code Pokemon Sword&Shield,980,Brand New,0,False,

Nintendo Gamecube Games Complete Fun You Choose & Pick Video Game Good Titles,891,Pre-Owned,0,True,

Splatoon 3 - Nintendo Switch 045496598167,4999,Brand New,0,True,

‚ú® Ultra Shiny ‚ú® Custom Any 6IV Egg ‚ú® Pokemon Sword and Shield - Crown Tundra,100,Brand New,0,False,

Nintendo DS Games - Mario Variations - Inside the Mario Universe - Pick-a-game,1097,Pre-Owned,0,True,

Pok√©mon Scarlet & Violet- ‚ú®Level 1 6IV‚ú® Shiny Starters (READ Description!),2000,Brand New,0,True,

Shop on eBay,2000,Brand New,,False,

Xbox - Elden - All items-Runes-weapons-Armors-talisman-Ashes Ring,699,Brand New,0,False,

Modern Warfare 2 | Burger Town Operator Skin + 1HR 2XP MW2 FAST DELIVERY,1799,Brand New,0,False,

COD Modern Warfare 2 MW2 Burger King Code 1 Hour 2XP + Burger King Skin,2199,Brand New,0,False,

‚ú®Moltres - Articuno - Zapdos | ‚ú®Shiny Galarian Birds | Pokemon Sword & Shield,599,Brand New,0,False,

Splatoon 3 - Nintendo Switch 045496598167,4999,Brand New,0,True,

‚ú® Ultra Shiny ‚ú® Custom Any 6IV Egg ‚ú® Pokemon Sword and Shield - Crown Tundra,100,Brand New,0,False,

Mythical22 Genesect/Volcanion/Marshadow Event Bundle Pokemon Sword/Shield(TRADE),299,Brand New,0,False,

Nintendo Switch Pokemon Legends Arceus Game NEW,3999,Brand New,610,False,

Cyberpunk 2077 - Sony PlayStation 4 PS4,1999,Brand New,0,False,

A Way Out - PS4 - Brand New | Factory Sealed,1999,Brand New,0,False,

üë• Pokemon SHADOW MEWTWO ‚úî Completing Special Research Questline üë•,332,Brand New,0,False,

MW2 Mountain Dew Operator Skin - Instant Delivery!,450,Brand New,0,False,

Bayonetta 2 + Bayonetta 1 (DLC) Nintendo Switch NEW Factory Sealed US Ver.,7990,Brand New,0,True,

Tetris Nintendo Original Game Boy Game - Tested - Working - Authentic! ,2601,Pre-Owned,0,False,

ZERAORA NORMAL/‚ö°SHINY‚ö° 6IV BATTLE READY MASTER BALL - POKEMON SWORD AND SHIELD,199,New (Other),0,False,

ZACIAN ‚ö°SHINY‚ö° 6IV BATTLE READY OR UNTOUCHED - POKEMON SWORD AND SHIELD,199,New (Other),0,False,

Luigis Mansion 3 - Nintendo Switch In Original Package,4095,New (Other),0,True,

Sony PlayStation 4 PS4 Video Games - Pick & Choose Video Games Lot,298,Pre-Owned,99,False,

The Last of Us Part II 2 PS4 PLAYSTATION 4 Sony BRAND NEW FACTORY SEALED,1599,Brand New,400,False,

Pre-Owned Nintendo Switch Games Lot | Pick & Choose Tested Working FREE SHIPPING,1195,New (Other),0,False,

Excitebike - Nintendo NES Game Authentic,989,Pre-Owned,295,False,

Pokemon Alpha Sapphire Nintendo 3DS - Brand New Free Shipping!,3947,Brand New,0,True,

Pokemon Legends: Arceus - Nintendo Switch New,4799,Brand New,0,False,

Nintendo GameCube Games Complete Fun You Pick & Choose Video Game Updated 11/3,1188,Pre-Owned,0,False,

Xbox 360 Games *M - Z*üí•Xbox 360 Lot #2üí•Buy 3 Get 1 Freeüí•Updated 11/15/22üí•,500,Pre-Owned,0,True,

Genshin Impact NA Kazuha Baal Ayato Nahida Zhongli Venti Hutao Cyno Nilou Kokomi,75,New (Other),1,False,

NINTENDO WII GAME LOT YOU PICK CHOOSE BUY 2 GET 1 50% OFF GAMES PLAY TESTED LOT4,333,Pre-Owned,0,True,

üî•FIFA 23 - Xbox Series X Brand New Factory Sealed Video Game - Fast Shippingüî•,3595,Brand New,0,False,

COD Modern Warfare 2:  ô·¥ú Ä…¢·¥á Ä ·¥ã…™…¥…¢ - Character Skin + 1HR 2XP (All-Platforms),2228,Brand New,0,False,

"Acrylic Case For Japanese Import Gameboy Games, Pocket Monsters",1169,Brand New,499,False,

üíö Zeraora Event | American FulaCity Event | Pokemon Sword & Shield | UNTOUCHED,299,Brand New,0,False,

‚ú®Shiny Zacian & Zamazenta GAMESTOP Event Rusted Sword & Shield ‚ú® UNTOUCHED,399,Brand New,0,False,

ATARI 50: The Anniversary Celebration / Nintendo Switch.,4795,Brand New,0,True,

Sega Genesis VIDEO GAMES - Sega Genesis - CREATE YOUR BUNDLE - LOT - ,450,Pre-Owned,450,False,

Xbox 360 Games *A - L*üí•Xbox 360 Lot #1üí•Buy 3 Get 1 Freeüí•Updated 11/15/22üí•,500,Pre-Owned,0,True,

PS5 Call of Duty: Black Ops Cold War - Sony PlayStation 5 *** Brand New ***,1995,Brand New,550,False,

Adopt Me Halloween 2022 Normal/Neon/Mega/Box/Vehicle ETC,99,Brand New,0,False,

Nintendo Switch Sports PEGI - Nintendo Switch,3999,Brand New,0,True,

DITTO ‚ö°SHINY‚ö° 6IV JAPANESE MASUDA METHOD ANY NATURE - POKEMON SWORD AND SHIELD,199,New (Other),0,False,

üíö Diancie Event | American Hope Event | Pokemon Sword & Shield | UNTOUCHED,299,Brand New,0,False,

"SONIC FRONTIERS - Nintendo Switch, Brand New",5999,Brand New,0,True,

Bayonetta 3 - Nintendo Switch with Screen Cleaning Cloth,4717,Brand New,0,True,

12 Months Nintendo Switch Online Membership + Expansion Pack - 1 Family Spot,1345,Brand New,0,True,

Super Mario Odyssey - Nintendo Switch,4500,Brand New,0,True,

Pokemon Brilliant Diamond & Shining Pearl - Custom Any 6IV Pokemon ‚ú®Ultra Shiny ,100,Brand New,0,False,

SEALED Minecraft Nintendo Switch and Switch Lite Super Mario Mash-Up New ,2975,Brand New,0,False,

Red Dead Redemption 2 - Sony PlayStation 4 In Original Package,2295,New (Other),0,True,

SONY PLAYSTATION 4 GAME LOTüéÆ BUY 3 GET 1 FREE üéÆ FREE SHIPPING,450,Pre-Owned,0,True,

Shiny Pikachu Flying Pikachu with purple balloons M or F - TRADE 20k stardust,299,Brand New,0,False,

Pokemon HeartGold SoulSilver Platinum Diamond Pearl Game Card For 3DS 2DS DS XL,1899,Brand New,0,False,

USA+GLOBAL Burger King CoD MW2 | Burger Town Operator Skin +1HR 2XP Instant Deli,1450,Brand New,,False,

Pok√©mon Coins Go - 5500 Pokecoins cheap price IOS/Android Check  Description,1599,Brand New,0,False,

Overcooked! All You Can Eat - Nintendo Switch Video Games Brand New,2999,Brand New,0,True,

Doom Eternal - Sony PlayStation 4 Brand New,1390,Brand New,0,False,

x10 Steam Keys Video Game GLOBAL + BONUS Fast Delivery Region Free Key,189,Brand New,0,True,

Nintendo 64 - N64 - Games Complete Fun You Pick & Choose Video Game Authentic!!,788,Pre-Owned,0,False,

Cyberpunk 2077 - Sony PlayStation 4-Launch Box (PS5 Upgrade),1899,Brand New,0,False,

Fornite purple skull,1500,Pre-Owned,540,False,

Shiny Pumpkaboo wearing a Spooky Festival costume - TRADE - Read Description,399,Brand New,0,False,

Nintendo Wii - Super Mario Galaxy Scratch Free Disc Only,1299,Pre-Owned,0,True,

Grand Theft Auto: The Trilogy The Definitive Edition (Xbox One / Xbox Series X),2150,Brand New,0,False,

Mario + Rabbids Kingdom Battle - (Nintendo Switch) Includes Case and Cartridge,2049,New (Other),0,True,

PlayStation 3 Games - PS3 - Many Titles,300,Pre-Owned,425,False,

Fast Furious Crossroads PS4 PlayStation 4 NEW / FACTORY SEALED,1199,Brand New,0,False,

NEW - PS5  - Resident Evil Village - Sony PlayStation 5  - Brand New - Sealed,2699,Brand New,0,True,

Nintendo 64 N64 Original OEM Authentic *Pick Your Game* Cart Only Cleaned Tested,899,Pre-Owned,399,True,

Super Nintendo SNES Games - All Cleaned and Tested,200,Pre-Owned,827,False,

Pokemon Omega Ruby Nintendo 3DS - Brand New Free Shipping!,3949,Brand New,0,True,

Minecraft Dungeons Hero Edition - Nintendo Switch In Original Package ,2395,New (Other),0,True,

Sonic Unleashed Sony PlayStation 3 - PS3,1699,Brand New,0,False,

BRAND NEW SEALED COBRA KAI THE KARATE KID PLAYSTATION 4 PS4 FAST/FREE SHIPPING,1299,Brand New,0,False,

Far Cry 6 - Sony PlayStation 4 PS4 W/ PS5 Upgrade Available with Liberated Pack ,1089,Brand New,0,False,

Classic Super Mario Land Wario Land for Game Boy series Nintendo GBC,1299,Pre-Owned,0,False,

ANY ALL ALPHA SHINY POKEMON‚ú®CUSTOM MAX EV SHINY NON SHINY‚ú®Pokemon Legends Arceus,169,Brand New,0,False,

"Star Citizen aUEC 100,000,000 Million Funds Ver 3.17.3 Alpha UEC Instant Secure",1089,Brand New,0,False,

Shop on eBay,2000,Brand New,,False,

MARSHADOW NORMAL/‚ö°SHINY‚ö° 6IV BATTLE READY MASTER BALL - POKEMON SWORD AND SHIELD,199,New (Other),0,False,

PIKACHU üí•ALL CAPSüí•  UNTOUCHED EVENT SHINY PARTNER - POKEMON SWORD AND SHIELD,199,New (Other),0,False,

MAGEARNA üí• ORIGINAL COLOR üí• 6IV UNTOUCHED BT RDY - POKEMON SWORD AND SHIELD,199,New (Other),0,False,

"Star Citizen aUEC¬† 50,000,000 Funds Ver 3.17.3 Alpha UEC Star Citizen Ship Funds",675,Brand New,0,False,

Super Nintendo SNES Games - Custom Game Lot - Combined Shipping Discount,399,Pre-Owned,399,False,

Ubisoft Assassins Creed Origins (Playstation 4) PS4 Video Game,1299,Brand New,0,False,

Shadow Mewtwo Catch - Team Go Rocket Task Complete - Pokemon Go ‚úÖ Read Descripti,1499,Brand New,0,False,

Dead by Daylight | Legion Luminescent Carver,200,Brand New,0,False,

"GUZZLORD "" 6 INVITES "" POKEMON ULTRA BEAST REMOTE RAID GO",480,Brand New,0,False,

Course Hero | 40 Unlocks | Quick Delivery | Coursehero,999,Brand New,0,False,

PlayStation Demon's Souls (PlayStation 5),3200,New (Other),0,True,

Brand NEW Returnal For Sony PlayStation 5,2459,Brand New,0,False,

Mario + Rabbids Sparks of Hope - Nintendo Switch with Screen Cleaning Cloth,4717,Brand New,0,True,

Nintendo Switch Video Games Pick and Choose Updated 10/17,1500,Pre-Owned,240,True,

GENESECT VOLCANION MARSHADOW - üí• MYTHICAL22 EVENT üí• - POKEMON SWORD AND SHIELD,699,New (Other),0,False,

ETERNATUS ‚ö°SHINY‚ö° GAMESTOP AVAILABLE NOW - NO CODE - POKEMON SWORD AND SHIELD,299,New (Other),0,False,

Hades - Sony PlayStation 4,1079,Brand New,0,False,

Super Mario Land 2 DX Remaster Now in Color Game Boy Color Deluxe Gameboy,1099,Brand New,0,True,

Mortal Kombat 11 - Nintendo Switch In Original Package,1795,New (Other),0,True,

"Donkey Kong Country Returns (Nintendo Wii, 2010) - Complete. W/ Manual. Tested",1799,Pre-Owned,0,True,

SONY INTERACTIVE ENTERTAINMENT UNCHARTED Legacy of Thieves Collection Ps5,2800,New (Other),0,True,

NEW - PS5 - Scarlet Nexus - Sony PlayStation 5 - Brand New - Factory Sealed,1349,Brand New,0,True,

Pokemon Nintendo DS Authentic Cases w/ Replacement Covers,1099,Brand New,0,False,

Riders Republic Standard Edition - Sony PlayStation 5 FACTORY SEAL!!,1499,Brand New,0,False,

Apsulov End of Gods. PlayStation 5. PS5. BRAND NEW/SEALED. FREE SHIPPING. HORROR,1799,Brand New,0,False,

MONSTER VIATOR - NEW SEALED SONY PLAYSTATION PS4 LIMITED RUN GAMES #404,2499,Brand New,0,True,

Xseed Rune Factory 5 - Nintendo Switch,3300,Brand New,0,True,

"Nintendo Wii Games - Mario Kart, Wii Sports, Guitar Hero, Lego, Star Wars",349,Pre-Owned,349,False,

America/NA Genshin Impact Ganyu Zhongli HuTao Baal Ayaka Kazuha Klee 100/160Wish,399,Brand New,0,False,

"Star Citizen aUEC¬†250,000,000 | 3.17.3 | Alpha UEC | Funds | Fast TransferüöÄ",1999,Brand New,0,False,

MEW NORMAL/‚ö°SHINY‚ö° 6IV BATTLE RDY MASTER BALL LOW LV - POKEMON SWORD AND SHIELD,199,New (Other),0,False,

üíö Marshadow Event | American MT. Tensei | Pokemon Sword & Shield | UNTOUCHED,299,Brand New,0,False,

"Nintendo Switch Video Game Vary Listing Mario, Zelda, Yoshi, Arms...Sealed NEW!!",1399,Brand New,0,True,

"For Pokemon Platinum Version Nintendo DS, 2009 Game Only for Nintendo Game Gift",1599,Brand New,0,True,

"Forza Horizon 5 (Xbox One/Series X, 2021)",3598,Pre-Owned,0,False,

"Call Of Duty Modern Warfare 2, Jack Links, SINGLE CODE - FAST DELIVERY",999,Brand New,0,False,

Wii Play Wii Game,597,Pre-Owned,395,True,

Cyberpunk 2077 | PC Steam‚öô | Global | Prompt Delivery,499,New (Other),0,False,

ENAMORUS NORMAL/‚ö°SHINY‚ö° 6IV ALPHA MAX STATS BOTH FORMS - POKEMON LEGENDS ARCEUS,199,New (Other),0,False,

Sony PSP Games Complete Fun You Pick & Choose Video Game Good Titles Updated,691,Pre-Owned,0,True,

Nintendo Original Gameboy Games You Pick Mario Tetris Megaman DK Wario Kirby,999,Pre-Owned,475,True,

Call of Duty Modern Warfare 2 PIZZA Unlocks (1 CODE) + x2 XP MW2 Little Caesars,1025,Brand New,0,False,

"Pokemon Emerald (Game Boy Advance, 2005) Authentic, Tested & Saves *NEW BATTERY*",15999,New (Other),0,True,

Minecraft Bundle | PC | 400+ Games | MS Store | ONLINE,325,Brand New,0,False,

"Nintendo NES Games - Authentic, Cleaned, Tested (Shatterhand, Lolo 3, etc.)",499,Pre-Owned,499,False,

Saints Row - Sony PlayStation 5,3499,Brand New,0,False,

NINTENDO WII GAME LOT YOU PICK CHOOSE BUY 2 GET 1 50% OFF GAMES PLAY TESTED LOT3,333,Pre-Owned,0,True,

"NCAA Football 14 (PlayStation 3, 2013) | READ DESCRIPTION!!! ",3500,Brand New,610,False,

New In Plastic The Legend of Zelda: Skyward Sword HD - Nintendo Switch,3199,Brand New,0,False,

Mario Party Superstars - Nintendo Switch - Brand New Sealed,4500,Brand New,0,False,

üî• COD MW2 Little Caesars Unlocks üî• 3 Items + 2xp (Region Free & All Platforms),1599,Brand New,0,False,

"Anno Mutationem (PS5) NEW SEALED W/CARD MINT, LIMITED RUN GAMES #019, RARE!",6999,Brand New,600,False,

NEW - XBOX - Epic Games Fortnite: Minty Legends Pack - Xbox Series X/S/Xbox One,889,Brand New,0,True,

"Tales of Arise (Sony PlayStation 5, 2021)",2499,Brand New,0,False,

Sonic Frontiers Nintendo Switch Works in Any Country,5397,Brand New,0,True,

Pokecoins - 75% cheaper - Same hour Delivery - Pokemon Go,500,Brand New,0,False,

*CHEAP* INSTANT MESSAGE bk skins 4 more on me promo ending soon,1299,Brand New,0,False,

Tony Hawk Pro Skater 1 + 2 - Sony PlayStation 4,1250,Brand New,0,False,

Stray for PlayStation 4 [New Video Game] PS 4,3999,Brand New,0,True,

LIVE A LIVE Nintendo Switch Works in Any Country,4148,Brand New,0,True,

Tetris - Nintendo NES Game Authentic,1319,Pre-Owned,295,True,

Assassin's Creed The Ezio Collection - Nintendo Switch - Brand New ,2250,Brand New,0,False,

FNAF Five 5 Nights at Freddy's Core Collection (Nintendo Switch) 1 2 3 4 Sister,2500,Brand New,0,False,

Kirby and the Forgotten Land - Nintendo Switch NEW,4899,Brand New,0,True,

Nintendo Switch Online Family Membership + Expansion Pack - 1 Spot - 12 Months,1339,Brand New,0,True,

ü•ö Pokemon 100+ Friends üéâ Join Raids üéÅ Daily Gifts üéÑ‚ùó Go,299,Brand New,0,False,

Marshadow CODES | Pokemon Sword & Shield |Until Dec 31st | E-Delivery,1299,Brand New,0,False,

Nintendo 3DS - Kirby: Planet Robobot & Triple Deluxe BUNDLE - Brand New!,6399,Brand New,0,False,

Exzeus The Complete Collection - Limited Run Games (Nintendo Switch) NEW SEALED,4499,Brand New,500,False,

Sony PlayStation 2 PS2 Sports Games You Pick & Choose Video Game Lot,199,Pre-Owned,475,True,

Bayonetta 3 - Nintendo Switch,4999,Brand New,0,True,

Tactics Ogre: Reborn for Nintendo Switch [New Video Game],4999,Brand New,0,True,

Nintendo 64 N64 Video Game Cartridges *Cosmetic Wear* *Authentic/Cleaned/Tested*,695,Pre-Owned,0,False,

HO-OH NORMAL/‚ö°SHINY‚ö° 6IV BATTLE READY VGC 22 - POKEMON SWORD AND SHIELD,199,New (Other),0,False,

DIANCIE NORMAL/‚ö°SHINY‚ö° 6IV BATTLE READY MASTER BALL - POKEMON SWORD AND SHIELD,199,New (Other),0,False,

